Date,Time
2023-05-28,2:27 PM
2023-05-09,2:42 PM
2022-12-05,9:25 AM
2023-03-06,2:14 PM
2023-11-27,3:46 PM
2023-03-08,12:42 PM
2022-09-23,9:45 AM
2022-08-12,10:59 AM
2023-01-19,5:52 PM
2022-07-05,10:27 AM
2023-01-24,2:55 PM
2022-04-22,4:32 PM
2023-07-20,10:16 AM
2023-03-03,9:28 AM
2022-04-17,1:35 PM
2023-11-19,4:24 PM
2023-02-09,2:10 PM
2023-06-27,5:19 PM
2023-05-25,12:25 PM
2022-05-07,9:23 AM
2023-10-14,10:10 AM
2023-07-25,2:54 PM
2022-04-28,9:34 AM
2023-11-26,9:40 AM
2022-03-23,10:04 AM
2022-09-10,2:46 PM
2022-12-23,5:07 PM
2023-07-13,3:52 PM
2022-03-25,11:37 AM
2023-09-12,12:08 PM
2023-08-05,9:38 AM
2023-05-10,5:44 PM
2022-09-22,1:18 PM
2023-11-24,11:11 AM
2022-12-24,12:28 PM
2022-10-21,2:08 PM
2023-09-06,12:05 PM
2023-02-17,4:15 PM
2023-09-11,5:48 PM
2023-01-28,3:21 PM
2023-04-20,5:44 PM
2022-10-09,4:12 PM
2022-02-21,3:29 PM
2022-04-09,10:12 AM
2022-09-26,11:13 AM
2022-04-18,5:22 PM
2022-11-26,9:52 AM
2022-01-11,12:47 PM
2022-11-20,1:21 PM
2023-07-20,1:40 PM
2022-11-11,3:32 PM
2022-04-11,10:53 AM
2022-07-23,3:57 PM
2023-09-16,10:46 AM
2023-08-15,9:01 AM
2023-05-01,1:41 PM
2023-07-15,9:07 AM
2023-05-25,2:26 PM
2022-03-08,2:31 PM
2023-08-24,10:32 AM
2023-08-10,10:55 AM
2022-11-03,3:36 PM
2023-06-14,4:07 PM
2023-11-15,4:25 PM
2023-10-22,5:27 PM
2023-06-07,4:24 PM
2023-02-25,4:52 PM
2023-03-04,9:52 AM
2023-01-01,4:51 PM
2022-09-15,3:26 PM
2022-12-18,11:36 AM
2023-03-08,2:24 PM
2022-01-24,9:11 AM
2023-10-31,1:32 PM
2022-06-07,11:35 AM
2022-05-05,3:40 PM
2023-10-24,2:55 PM
2023-10-26,11:31 AM
2023-12-15,3:05 PM
2022-10-17,9:21 AM
2023-05-01,10:49 AM
2023-06-20,3:50 PM
2023-02-22,12:12 PM
2023-03-26,11:14 AM
2022-03-14,3:56 PM
2023-02-12,5:59 PM
2022-07-11,3:56 PM
2022-10-15,10:46 AM
2022-06-06,1:31 PM
2022-11-20,5:24 PM
2022-06-28,3:20 PM
2022-08-22,12:39 PM
2022-08-29,11:02 AM
2022-11-23,5:18 PM
2022-04-17,2:22 PM
2023-04-01,12:20 PM
2022-05-31,3:13 PM
2023-07-28,4:33 PM
2022-10-07,3:28 PM
2022-03-25,1:07 PM
2023-07-18,12:20 PM
2023-12-06,4:42 PM
2022-09-11,3:32 PM
2022-12-10,12:28 PM
2023-01-19,12:21 PM
2023-05-09,9:04 AM
2023-05-14,2:31 PM
2023-09-18,11:00 AM
2023-07-13,4:09 PM
2022-11-16,10:41 AM
2023-03-01,1:44 PM
2022-04-12,11:39 AM
2023-06-13,12:51 PM
2022-07-04,3:21 PM
2023-02-13,9:32 AM
2022-03-03,2:41 PM
2023-09-10,11:56 AM
2022-10-08,9:39 AM
2023-04-01,11:06 AM
2023-06-12,12:47 PM
2022-05-16,10:18 AM
2022-04-15,5:34 PM
2023-03-10,2:04 PM
2023-03-14,2:06 PM
2022-02-27,3:42 PM
2023-01-09,3:37 PM
2023-08-26,3:09 PM
2023-02-25,11:17 AM
2022-01-16,3:01 PM
2022-01-15,3:44 PM
2022-10-16,2:13 PM
2023-05-21,3:17 PM
2022-11-04,12:26 PM
2022-05-24,5:15 PM
2022-08-25,4:38 PM
2023-04-16,2:11 PM
2022-09-23,12:53 PM
2022-07-09,12:56 PM
2023-09-28,11:21 AM
2022-03-29,3:53 PM
2023-09-13,3:17 PM
2023-03-01,1:04 PM
2022-02-23,3:58 PM
2022-01-07,2:50 PM
2022-05-05,10:10 AM
2023-07-29,10:46 AM
2023-05-28,3:39 PM
2022-07-29,11:15 AM
2023-12-19,3:05 PM
2022-11-01,5:43 PM
2023-12-29,11:59 AM
2022-11-27,3:15 PM
2023-03-18,11:59 AM
2022-02-21,4:06 PM
2023-06-02,11:00 AM
2022-11-09,10:30 AM
2022-02-20,5:38 PM
2022-08-20,12:56 PM
2023-03-21,11:57 AM
2023-05-07,10:28 AM
2022-04-30,9:41 AM
2022-10-23,2:12 PM
2023-06-19,12:06 PM
2023-04-20,3:30 PM
2023-08-17,10:20 AM
2022-07-02,9:17 AM
2023-09-09,2:58 PM
2022-11-30,10:31 AM
2023-02-20,1:40 PM
2022-03-19,11:07 AM
2023-03-06,3:17 PM
2023-08-13,4:22 PM
2022-06-06,3:40 PM
2022-11-02,5:36 PM
2022-03-28,9:53 AM
2022-07-15,9:54 AM
2023-01-04,9:20 AM
2022-05-30,12:15 PM
2022-06-19,10:15 AM
2023-09-02,1:39 PM
2023-11-15,5:41 PM
2023-07-01,3:05 PM
2023-03-03,5:49 PM
2022-06-03,5:42 PM
2022-01-24,9:12 AM
2022-05-16,12:30 PM
2023-05-28,11:42 AM
2023-08-20,5:37 PM
2023-10-22,12:16 PM
2022-04-28,11:24 AM
2023-11-24,2:42 PM
2023-08-08,5:05 PM
2022-07-18,12:38 PM
2022-09-11,9:43 AM
2022-09-20,2:50 PM
2023-02-08,2:40 PM
2022-05-07,12:50 PM
2023-07-31,11:34 AM
2022-09-04,1:29 PM
2023-07-09,10:12 AM
2022-06-02,1:17 PM
2022-08-28,3:26 PM
2022-01-08,3:32 PM
2022-05-19,11:18 AM
2023-12-29,3:34 PM
2022-02-16,3:18 PM
2023-02-08,10:30 AM
2022-04-23,9:15 AM
2023-11-11,1:11 PM
2023-03-03,11:03 AM
2023-06-25,4:38 PM
2022-12-01,1:06 PM
2023-05-07,9:30 AM
2023-11-26,1:03 PM
2022-10-22,10:21 AM
2022-10-27,9:48 AM
2023-08-28,1:50 PM
2022-08-22,3:16 PM
2022-02-03,2:31 PM
2022-05-04,1:09 PM
2022-07-12,3:13 PM
2022-10-25,3:02 PM
2022-02-25,2:26 PM
2022-01-09,10:45 AM
2022-06-08,9:17 AM
2023-09-08,4:57 PM
2022-01-09,1:50 PM
2023-11-14,2:02 PM
2023-09-10,1:39 PM
2022-11-21,9:48 AM
2022-09-11,10:55 AM
2022-12-26,9:48 AM
2022-06-13,4:01 PM
2023-12-13,1:44 PM
2023-01-17,11:16 AM
2022-07-13,1:46 PM
2022-04-22,4:35 PM
2022-01-28,10:14 AM
2023-08-12,9:47 AM
2022-06-16,11:46 AM
2023-08-06,9:11 AM
2022-05-16,1:34 PM
2023-03-16,4:49 PM
2023-09-24,11:28 AM
2022-07-04,2:21 PM
2023-09-27,1:31 PM
2023-03-17,1:55 PM
2022-02-10,10:32 AM
2022-02-22,2:08 PM
2023-07-22,10:48 AM
2022-03-01,9:56 AM
2022-11-01,11:31 AM
2023-11-01,9:45 AM
2023-09-10,12:48 PM
2023-12-30,5:12 PM
2023-10-13,10:40 AM
2023-03-07,12:22 PM
2022-11-18,4:41 PM
2022-06-28,10:09 AM
2023-05-21,1:19 PM
2023-12-26,4:50 PM
2022-12-21,11:18 AM
2023-01-19,5:33 PM
2022-03-29,3:43 PM
2022-06-15,4:16 PM
2023-08-22,2:08 PM
2023-05-14,3:11 PM
2022-10-31,5:08 PM
2022-04-09,1:51 PM
2022-04-20,4:54 PM
2023-06-18,9:22 AM
2022-06-03,9:07 AM
2023-07-17,11:31 AM
2023-08-05,11:40 AM
2022-05-17,2:10 PM
2023-12-19,5:14 PM
2023-05-13,4:54 PM
2023-11-07,10:50 AM
2022-11-06,12:23 PM
2023-01-22,11:41 AM
2022-05-21,2:02 PM
2023-11-07,10:21 AM
2023-12-04,10:41 AM
2023-07-01,5:38 PM
2023-06-28,5:27 PM
2022-03-09,5:35 PM
2022-06-26,5:17 PM
2022-05-23,5:09 PM
2022-05-25,9:41 AM
2022-05-13,9:09 AM
2023-02-03,3:48 PM
2023-12-11,3:20 PM
2022-06-10,12:54 PM
2023-02-20,10:32 AM
2023-01-25,12:20 PM
2023-12-14,4:34 PM
2023-04-24,5:20 PM
2023-10-21,10:43 AM
2022-12-19,10:09 AM
2022-03-26,9:12 AM
2023-08-08,2:23 PM
2022-09-13,11:10 AM
2022-09-16,12:42 PM
2023-06-10,11:33 AM
2023-03-20,9:50 AM
2023-08-05,9:17 AM
2023-03-09,12:56 PM
2023-06-30,11:26 AM
2022-11-08,4:14 PM
2022-12-01,11:50 AM
2023-08-07,11:16 AM
2022-03-27,3:23 PM
2023-11-14,2:59 PM
2023-04-19,3:00 PM
2022-08-24,11:37 AM
2022-12-15,1:37 PM
2023-08-16,1:35 PM
2023-03-31,9:40 AM
2022-02-04,12:55 PM
2022-04-24,2:29 PM
2023-05-21,4:44 PM
2023-01-27,2:29 PM
2022-12-23,2:46 PM
2023-08-13,12:38 PM
2023-10-11,12:34 PM
2023-10-23,3:52 PM
2022-04-29,12:16 PM
2023-10-17,10:31 AM
2023-08-29,5:00 PM
2022-06-19,3:09 PM
2022-05-07,3:14 PM
2022-06-11,12:46 PM
2023-08-15,9:34 AM
2022-08-14,11:51 AM
2022-05-13,12:07 PM
2022-11-22,9:48 AM
2023-09-07,1:24 PM
2023-12-17,12:04 PM
2023-07-17,12:00 PM
2023-09-14,1:05 PM
2023-10-14,11:42 AM
2023-12-15,3:08 PM
2022-06-05,1:49 PM
2022-07-18,11:01 AM
2023-08-21,4:59 PM
2022-04-19,2:24 PM
2023-08-13,10:06 AM
2022-12-20,12:20 PM
2022-09-01,10:45 AM
2022-03-18,5:19 PM
2023-04-21,3:54 PM
2022-11-09,1:37 PM
2023-12-09,12:51 PM
2023-04-23,11:03 AM
2022-05-10,11:58 AM
2023-10-02,2:44 PM
2023-05-15,2:52 PM
2022-04-20,3:19 PM
2022-11-12,1:59 PM
2023-01-27,3:42 PM
2023-12-05,10:50 AM
2022-12-29,12:46 PM
2023-01-24,12:06 PM
2023-05-06,3:09 PM
2022-10-05,1:57 PM
2023-07-23,3:45 PM
2023-03-31,3:21 PM
2023-04-08,2:23 PM
2022-01-19,5:39 PM
2022-09-25,10:36 AM
2023-04-03,10:26 AM
2023-05-24,3:57 PM
2022-12-15,9:44 AM
2022-03-18,4:20 PM
2023-04-12,9:03 AM
2022-08-27,12:49 PM
2022-06-27,11:06 AM
2022-10-24,2:08 PM
2023-04-04,9:56 AM
2022-09-12,4:20 PM
2022-10-19,5:34 PM
2022-05-07,10:15 AM
2023-12-02,5:38 PM
2022-04-22,12:27 PM
2022-04-27,10:22 AM
2023-04-21,3:37 PM
2022-02-01,10:21 AM
2022-11-17,1:45 PM
2022-08-02,11:54 AM
2022-06-23,1:09 PM
2022-08-20,1:27 PM
2022-12-03,10:56 AM
2023-12-07,9:31 AM
2022-04-06,4:56 PM
2022-12-15,4:30 PM
2022-08-18,11:59 AM
2023-09-30,3:19 PM
2023-05-26,10:10 AM
2023-07-30,2:12 PM
2022-12-10,10:09 AM
2023-06-25,12:36 PM
2023-02-23,2:26 PM
2022-01-20,12:02 PM
2022-12-07,2:16 PM
2023-10-29,1:24 PM
2022-04-11,5:09 PM
2022-07-09,2:01 PM
2022-07-02,10:58 AM
2023-10-26,10:56 AM
2022-04-02,3:44 PM
2022-06-09,4:53 PM
2022-12-21,4:02 PM
2023-02-02,9:55 AM
2023-03-18,11:41 AM
2023-05-08,4:48 PM
2022-10-03,10:21 AM
2023-04-06,3:19 PM
2023-10-26,3:05 PM
2023-01-30,3:54 PM
2023-11-01,12:27 PM
2022-03-23,3:54 PM
2023-06-27,9:03 AM
2023-08-11,3:19 PM
2023-07-09,3:35 PM
2022-12-16,1:06 PM
2023-09-20,1:48 PM
2023-04-16,5:06 PM
2022-12-21,9:24 AM
2023-03-03,1:30 PM
2022-11-06,11:21 AM
2022-03-26,3:34 PM
2022-04-25,9:43 AM
2022-09-02,5:12 PM
2023-04-07,2:59 PM
2023-05-30,4:46 PM
2022-06-07,10:05 AM
2022-03-28,2:28 PM
2023-04-10,1:52 PM
2022-07-12,4:17 PM
2022-06-12,3:22 PM
2022-12-24,12:41 PM
2023-09-16,5:07 PM
2023-04-27,10:49 AM
2023-02-15,12:49 PM
2023-08-14,3:11 PM
2022-11-26,4:49 PM
2023-01-21,3:08 PM
2022-08-04,11:12 AM
2022-09-03,4:32 PM
2023-02-07,3:55 PM
2023-09-12,3:42 PM
2023-08-08,3:27 PM
2023-05-12,4:50 PM
2022-10-30,3:08 PM
2023-11-29,4:14 PM
2022-11-17,10:44 AM
2022-08-06,3:03 PM
2023-02-04,11:55 AM
2022-01-09,3:22 PM
2023-03-08,5:12 PM
2023-08-31,1:57 PM
2022-08-27,5:28 PM
2023-06-03,3:51 PM
2023-06-23,12:34 PM
2022-08-22,2:54 PM
2022-12-05,12:22 PM
2023-10-05,9:10 AM
2023-10-30,1:01 PM
2022-06-02,2:50 PM
2022-02-16,9:07 AM
2022-03-13,5:43 PM
2022-12-13,3:17 PM
2023-07-12,2:29 PM
2023-09-08,4:31 PM
2022-06-03,5:20 PM
2022-04-11,1:34 PM
2022-10-31,10:27 AM
2023-09-26,4:45 PM
2023-06-09,9:46 AM
2023-08-31,3:26 PM
2023-03-29,12:47 PM
2022-08-20,12:47 PM
2022-03-20,4:54 PM
2022-06-22,2:35 PM
2022-04-21,10:46 AM
2022-11-27,3:38 PM
2022-03-19,1:26 PM
2023-07-05,4:33 PM
2023-09-06,1:30 PM
2023-08-15,2:09 PM
2022-03-12,9:34 AM
2022-11-13,12:08 PM
2022-09-02,4:49 PM
2023-02-28,1:37 PM
2022-01-09,9:52 AM
2023-03-14,2:43 PM
2023-10-20,10:11 AM
2023-11-23,2:26 PM
2023-09-11,12:24 PM
2022-11-02,3:41 PM
2022-12-15,11:25 AM
2022-05-08,3:11 PM
2022-01-23,10:44 AM
2023-01-24,1:47 PM
2023-02-11,9:04 AM
2022-11-22,9:55 AM
2023-09-17,4:45 PM
2023-07-28,10:44 AM
2022-11-16,2:40 PM
2022-02-26,3:41 PM
2022-12-14,1:27 PM
2022-03-10,2:11 PM
2023-10-21,9:38 AM
2023-05-07,5:13 PM
2022-07-17,12:26 PM
2022-06-18,4:53 PM
2023-04-10,10:54 AM
2023-11-05,12:28 PM
2022-04-19,1:00 PM
2022-05-02,9:55 AM
2023-09-16,2:25 PM
2022-07-02,12:56 PM
2023-08-16,9:04 AM
2023-10-15,11:07 AM
2022-08-21,1:30 PM
2022-07-24,5:37 PM
2023-10-18,4:30 PM
2023-04-04,9:57 AM
2023-03-25,9:52 AM
2023-08-09,3:20 PM
2023-05-23,10:38 AM
2022-03-24,3:29 PM
2022-05-10,4:49 PM
2023-12-25,10:52 AM
2022-09-15,12:48 PM
2023-01-12,10:27 AM
2022-07-07,1:23 PM
2023-09-04,10:11 AM
2022-03-21,9:32 AM
2022-04-17,1:25 PM
2022-09-03,1:10 PM
2022-02-28,1:58 PM
2022-09-25,4:43 PM
2023-10-11,2:28 PM
2022-08-12,2:19 PM
2022-05-12,3:35 PM
2023-05-28,9:38 AM
2022-01-01,11:59 AM
2022-11-15,5:02 PM
2022-04-23,2:21 PM
2023-12-24,1:04 PM
2023-05-13,11:59 AM
2022-06-08,2:12 PM
2023-11-15,5:16 PM
2023-08-08,10:09 AM
2023-05-10,11:37 AM
2023-08-17,11:22 AM
2022-05-12,4:41 PM
2023-06-24,1:30 PM
2022-12-06,9:21 AM
2023-12-09,2:47 PM
2022-05-13,2:43 PM
2022-06-12,12:15 PM
2022-03-02,12:21 PM
2022-12-18,1:15 PM
2022-08-27,1:07 PM
2023-12-26,4:57 PM
2022-05-19,2:43 PM
2022-08-28,2:18 PM
2023-07-01,10:02 AM
2023-10-29,1:42 PM
2022-11-01,2:01 PM
2023-01-05,1:25 PM
2022-03-06,2:02 PM
2023-10-04,1:44 PM
2022-02-18,4:33 PM
2022-12-14,9:46 AM
2022-05-05,9:20 AM
2022-05-12,2:52 PM
2023-01-24,12:01 PM
2023-01-12,10:26 AM
2023-09-19,3:41 PM
2023-08-17,4:05 PM
2022-07-11,3:51 PM
2022-06-16,4:17 PM
2023-07-30,11:22 AM
2023-02-23,12:24 PM
2022-04-22,2:23 PM
2023-12-16,3:07 PM
2023-10-30,4:58 PM
2022-03-22,9:12 AM
2022-01-03,5:58 PM
2022-10-30,4:07 PM
2022-01-28,10:52 AM
2022-03-19,12:42 PM
2023-02-16,4:52 PM
2023-10-15,1:14 PM
2022-07-20,4:23 PM
2023-07-29,12:49 PM
2023-06-24,10:01 AM
2022-03-14,11:14 AM
2022-03-13,4:44 PM
2023-03-23,3:15 PM
2023-12-09,5:15 PM
2022-07-11,4:08 PM
2022-06-26,1:13 PM
2022-04-17,12:31 PM
2022-10-01,11:29 AM
2023-01-22,4:55 PM
2022-12-07,3:07 PM
2023-06-10,12:03 PM
2022-06-24,3:36 PM
2023-02-25,12:10 PM
2022-10-03,12:27 PM
2022-07-30,5:55 PM
2023-10-20,5:11 PM
2023-05-05,2:46 PM
2022-10-22,2:08 PM
2022-06-07,12:32 PM
2022-10-23,1:16 PM
2023-02-16,4:44 PM
2022-10-22,4:21 PM
2022-05-20,3:19 PM
2022-07-19,1:59 PM
2023-08-27,1:43 PM
2023-12-03,4:02 PM
2022-01-16,4:41 PM
2022-03-19,11:02 AM
2022-11-01,9:33 AM
2022-12-12,1:30 PM
2023-05-07,1:01 PM
2022-07-18,12:42 PM
2023-08-13,10:11 AM
2022-01-26,12:07 PM
2022-09-11,10:14 AM
2023-11-30,4:44 PM
2023-02-15,9:27 AM
2022-05-29,4:50 PM
2022-08-27,5:55 PM
2023-02-23,10:45 AM
2023-04-05,4:14 PM
2022-02-21,12:31 PM
2023-05-26,12:17 PM
2022-08-23,11:54 AM
2022-05-30,10:45 AM
2022-01-06,12:36 PM
2023-07-15,9:20 AM
2022-08-05,10:31 AM
2022-07-20,4:54 PM
2022-11-15,3:57 PM
2023-09-13,5:21 PM
2023-04-28,3:00 PM
2023-08-18,1:14 PM
2023-11-24,11:08 AM
2022-07-16,9:35 AM
2023-02-11,4:42 PM
2022-09-14,9:13 AM
2022-12-26,1:04 PM
2023-05-15,3:21 PM
2023-12-28,4:34 PM
2023-08-05,5:47 PM
2022-01-26,5:53 PM
2023-10-26,3:16 PM
2023-07-22,3:17 PM
2023-05-13,11:12 AM
2023-07-17,12:32 PM
2023-08-27,10:08 AM
2022-09-25,2:03 PM
2022-06-16,9:14 AM
2022-08-24,2:12 PM
2022-06-21,1:27 PM
2023-01-04,1:08 PM
2023-09-02,9:37 AM
2022-11-15,4:32 PM
2022-08-25,11:38 AM
2022-04-21,10:49 AM
2022-03-04,4:52 PM
2022-04-08,10:27 AM
2023-10-29,1:53 PM
2023-03-21,12:32 PM
2023-09-07,12:37 PM
2023-04-29,2:50 PM
2023-01-15,12:16 PM
2022-07-15,9:20 AM
2023-01-21,9:40 AM
2022-04-28,3:12 PM
2023-09-18,4:19 PM
2022-10-20,12:04 PM
2022-03-28,12:30 PM
2022-06-22,4:34 PM
2022-05-30,3:54 PM
2023-04-22,3:01 PM
2023-11-24,2:03 PM
2023-06-25,11:00 AM
2023-12-01,12:21 PM
2023-01-26,2:51 PM
2022-02-02,10:10 AM
2023-08-24,11:11 AM
2023-11-09,2:47 PM
2023-04-25,3:20 PM
2022-10-20,12:17 PM
2022-11-30,3:10 PM
2022-03-31,3:12 PM
2023-11-07,4:45 PM
2022-07-27,2:16 PM
2023-11-23,4:39 PM
2023-12-23,12:06 PM
2022-01-31,4:53 PM
2022-11-27,4:04 PM
2022-10-10,9:15 AM
2023-07-12,3:42 PM
2023-11-20,11:00 AM
2023-09-22,4:01 PM
2022-06-13,2:43 PM
2023-03-13,3:11 PM
2023-10-20,4:47 PM
2023-09-10,2:17 PM
2022-05-26,9:02 AM
2022-06-04,4:05 PM
2023-05-20,4:02 PM
2022-06-27,11:13 AM
2023-09-08,10:06 AM
2023-10-13,12:12 PM
2022-03-10,9:30 AM
2022-08-24,1:16 PM
2022-01-14,10:49 AM
2022-11-03,4:09 PM
2022-04-30,10:11 AM
2023-02-19,12:49 PM
2022-12-22,9:53 AM
2022-09-24,12:25 PM
2023-04-03,4:06 PM
2023-01-18,9:08 AM
2022-08-24,2:41 PM
2022-01-09,10:44 AM
2022-10-09,9:07 AM
2023-03-17,4:02 PM
2023-09-24,1:10 PM
2022-09-10,2:10 PM
2022-05-28,4:06 PM
2023-10-02,9:06 AM
2023-01-26,12:48 PM
2022-12-27,4:57 PM
2023-05-05,11:09 AM
2023-01-23,11:03 AM
2022-11-04,2:26 PM
2023-12-08,10:58 AM
2023-08-03,4:32 PM
2023-08-10,2:16 PM
2023-09-20,3:05 PM
2022-04-28,12:29 PM
2023-09-04,3:19 PM
2022-05-21,2:06 PM
2022-05-27,4:26 PM
2023-11-27,1:55 PM
2023-12-09,12:53 PM
2022-01-22,4:39 PM
2023-09-18,3:03 PM
2023-08-22,9:20 AM
2023-07-18,9:57 AM
2023-10-14,11:41 AM
2023-10-11,3:57 PM
2022-03-24,9:24 AM
2023-02-01,1:07 PM
2023-03-09,12:13 PM
2023-03-12,12:47 PM
2023-10-12,11:04 AM
2022-10-15,1:28 PM
2023-04-14,4:51 PM
2023-02-05,10:48 AM
2023-11-02,9:38 AM
2022-03-26,3:25 PM
2022-08-05,12:58 PM
2022-09-20,2:06 PM
2023-11-21,1:23 PM
2023-07-08,5:37 PM
2022-04-08,2:31 PM
2023-04-21,9:48 AM
2023-04-20,4:04 PM
2023-08-06,2:13 PM
2023-03-27,5:36 PM
2023-12-28,3:32 PM
2022-11-02,12:41 PM
2023-06-12,9:44 AM
2022-08-08,3:20 PM
2022-11-06,10:17 AM
2022-01-25,9:51 AM
2022-06-16,1:02 PM
2023-04-04,10:14 AM
2023-11-03,2:44 PM
2022-11-09,4:56 PM
2022-05-10,2:56 PM
2023-08-12,10:23 AM
2023-10-25,2:22 PM
2022-02-20,5:05 PM
2022-03-07,4:09 PM
2022-08-09,12:25 PM
2023-03-26,10:30 AM
2023-02-24,10:04 AM
2022-01-12,4:42 PM
2022-02-01,3:04 PM
2023-10-17,4:06 PM
2023-12-15,2:11 PM
2022-05-28,2:39 PM
2023-12-04,12:07 PM
2023-02-02,5:11 PM
2022-09-25,3:55 PM
2022-06-26,10:23 AM
2023-12-11,4:19 PM
2022-08-04,12:08 PM
2023-03-05,11:46 AM
2023-01-05,2:06 PM
2022-04-03,12:15 PM
2023-08-25,5:49 PM
2023-10-15,11:12 AM
2022-03-21,11:17 AM
2023-06-13,12:28 PM
2023-09-11,9:12 AM
2022-01-02,1:19 PM
2023-11-09,2:32 PM
2022-12-20,10:20 AM
2022-07-03,4:18 PM
2022-08-03,9:19 AM
2022-05-05,1:34 PM
2023-10-29,5:12 PM
2023-03-30,11:04 AM
2022-12-20,10:12 AM
2022-01-03,12:55 PM
2023-11-18,11:36 AM
2022-01-17,5:45 PM
2022-06-29,3:48 PM
2023-03-26,4:55 PM
2022-07-22,3:03 PM
2023-04-15,9:31 AM
2022-07-08,10:44 AM
2022-02-16,11:38 AM
2023-12-10,12:28 PM
2022-07-17,4:10 PM
2023-08-24,1:46 PM
2023-12-09,2:37 PM
2022-06-19,2:30 PM
2023-05-02,1:16 PM
2023-01-18,12:25 PM
2023-07-22,11:03 AM
2022-01-29,5:08 PM
2023-10-09,1:44 PM
2023-07-20,4:12 PM
2022-05-02,3:58 PM
2023-02-27,5:48 PM
2022-08-02,11:18 AM
2022-09-23,12:22 PM
2022-11-10,5:36 PM
2023-03-07,1:30 PM
2023-10-12,2:38 PM
2023-08-08,1:23 PM
2022-08-15,5:45 PM
2022-02-26,5:03 PM
2023-06-09,12:01 PM
2022-06-17,3:41 PM
2023-07-28,3:04 PM
2023-03-13,3:53 PM
2022-08-24,12:35 PM
2022-11-04,1:42 PM
2022-02-17,12:16 PM
2022-02-17,4:46 PM
2022-06-28,1:03 PM
2022-08-02,11:54 AM
2023-07-29,3:31 PM
2023-11-24,9:22 AM
2022-01-28,4:00 PM
2023-07-28,1:44 PM
2022-09-14,12:10 PM
2023-01-17,5:04 PM
2022-04-26,3:59 PM
2023-11-05,2:16 PM
2023-04-14,5:47 PM
2023-11-26,3:49 PM
2023-10-23,1:57 PM
2023-04-11,5:22 PM
2022-10-28,1:11 PM
2023-05-23,2:52 PM
2022-05-29,12:43 PM
2022-08-24,11:44 AM
2022-05-31,12:04 PM
2023-07-01,1:42 PM
2023-02-01,1:42 PM
2022-04-18,9:58 AM
2022-07-01,5:42 PM
2023-12-06,11:58 AM
2023-05-25,3:16 PM
2022-08-21,3:01 PM
2023-04-19,4:03 PM
2022-07-27,1:50 PM
2023-12-11,1:41 PM
2023-03-10,12:39 PM
2023-02-06,2:42 PM
2023-08-11,4:43 PM
2022-10-28,2:36 PM
2022-03-06,11:06 AM
2022-11-20,12:55 PM
2022-11-13,12:21 PM
2022-06-20,10:25 AM
2023-02-27,9:38 AM
2022-12-01,11:40 AM
2023-04-03,9:46 AM
2023-03-05,3:35 PM
2023-04-27,5:37 PM
2022-04-21,2:06 PM
2022-04-07,1:57 PM
2022-11-23,11:34 AM
2023-10-19,10:11 AM
2022-09-06,4:55 PM
2022-08-17,5:06 PM
2022-03-05,2:44 PM
2022-11-03,2:59 PM
2022-10-15,4:47 PM
2022-12-06,5:44 PM
2022-08-08,10:41 AM
2022-09-12,5:07 PM
2022-10-01,1:26 PM
2023-04-12,9:40 AM
2023-05-24,11:24 AM
2022-02-23,10:22 AM
2023-05-28,10:08 AM
2022-08-14,1:55 PM
2023-01-09,2:51 PM
2023-10-27,9:22 AM
2022-07-22,3:49 PM
2023-02-23,2:04 PM
2023-09-26,12:48 PM
2023-05-15,4:35 PM
2022-10-24,2:56 PM
2023-10-28,5:25 PM
2022-11-01,11:58 AM
2023-10-20,12:13 PM
2022-06-22,10:42 AM
2022-05-13,9:20 AM
2022-11-23,3:10 PM
2023-09-15,9:50 AM
2023-07-22,4:37 PM
2023-03-10,4:36 PM
2022-01-25,9:59 AM
2022-06-04,1:56 PM
2022-02-27,10:12 AM
2022-08-28,2:01 PM
2023-10-28,5:55 PM
2023-10-23,4:19 PM
2023-11-17,3:06 PM
2022-09-15,3:24 PM
2023-02-10,3:46 PM
2022-05-14,10:41 AM
2022-12-20,9:10 AM
2022-01-27,2:14 PM
2022-04-06,4:54 PM
2023-08-07,4:30 PM
2022-06-22,3:16 PM
2022-08-26,10:21 AM
2023-05-02,2:25 PM
2022-11-04,11:02 AM
2022-04-26,9:05 AM
2022-04-26,1:15 PM
2022-07-22,9:13 AM
2023-07-26,11:41 AM
2023-01-03,12:57 PM
2022-06-23,5:54 PM
2023-01-23,3:44 PM
2023-11-29,4:03 PM
2022-12-30,5:13 PM
2022-03-22,9:18 AM
2022-02-25,11:13 AM
2022-07-31,3:47 PM
2023-06-26,5:06 PM
2022-08-12,10:26 AM
2023-12-10,4:38 PM
2022-09-12,1:31 PM
2022-09-25,3:28 PM
2022-03-01,9:23 AM
2022-06-26,11:59 AM
2022-06-16,5:25 PM
2022-05-15,4:11 PM
2022-09-29,5:30 PM
2022-05-20,4:53 PM
2023-10-16,1:21 PM
2023-05-02,2:38 PM
2023-10-30,5:43 PM
2023-08-29,11:15 AM
2022-06-05,11:49 AM
2023-03-28,4:01 PM
2023-12-25,1:02 PM
2022-12-04,5:51 PM
2023-05-05,2:15 PM
2023-03-06,3:53 PM
2022-12-04,2:41 PM
2022-10-29,10:27 AM
2023-09-23,4:15 PM
2023-12-08,11:11 AM
2023-12-26,4:43 PM
2023-04-13,2:09 PM
2023-02-26,12:42 PM
2023-07-29,1:22 PM
